sigma,T_each_dim,n_picewise_models,page_size,tau,status,tempo_execucao
1,1,1,1,1,Erro,0.7622122764587402
1,1,1,1,101,Erro,0.5744507312774658
1,1,1,1,201,Erro,0.5992646217346191
